Was willst Du wissen?,Debugmodus aktivieren,Antwort von KalliGPT,timestamp
Verkehrsicherheit,true,"ğŸ“Œ **Schilderwald bereinigen** (Antrag, 2022-10-19)
ğŸ”¹ Ã„hnlichkeit: 0.626

Bereinigung Ã¼berflÃ¼ssiger, widersprÃ¼chlicher Verkehrsschilder zur ErhÃ¶hung der Verkehrssicherheit.


ğŸ“Œ **Beleuchtungskonzept am Tempelhofer Damm â€“ Sicherheit und AufenthaltsqualitÃ¤t fÃ¼r FuÃŸgÃ¤nger gewÃ¤hrleisten** (Antrag, 2025-05-21)
ğŸ”¹ Ã„hnlichkeit: 0.485

Ganzheitliches Beleuchtungskonzept fÃ¼r Tempelhofer Damm zur Verbesserung der Sicherheit und AufenthaltsqualitÃ¤t.


ğŸ“Œ **Sicherstellung der EinsatzfÃ¤higkeit der Berliner Feuerwehr bei Radverkehrsanlagen** (Antrag, 2024-11-20)
ğŸ”¹ Ã„hnlichkeit: 0.468

ÃœberprÃ¼fung der Radwege im Bezirk hinsichtlich Anforderungen an Rettungswege und Feuerwehrzufahrten.",2025-07-24 15:08:47.341774
MÃ¼ndliche Anfrage zum Thema Altkleider,false,"ğŸ“Œ **Altkleidercontainer auf Schulwegen** (MÃ¼ndliche Anfrage, 2024-02-21)
Kalli fragte, warum Altkleidercontainer Schulwege blockieren und wer zustÃ¤ndig ist. Antwort: Die BSR ist informiert, Entfernung erfolgt nach PrÃ¼fung, aber das Personal ist knapp.


ğŸ“Œ **Schulweg- und Verkehrssicherheit Taunusstr. Richtung StraÃŸe 9** (Antrag, 2024-09-18)
Illegale Altkleidercontainer und zugewachsene Wege auf einem Schulweg sollen beseitigt werden.
[ğŸ“ PDF Ã¶ffnen](https://jrrvdfmpyrvnimqxtduz.supabase.co/storage/v1/object/public/bvv-pdfs/1218-xxi.pdf)

ğŸ“Œ **Lichtverschmutzung durch Baustellenbeleuchtung** (MÃ¼ndliche Anfrage, 2024-05-15)
Kalli fragte, ob es Richtlinien zur Lichtverschmutzung durch Baustellen gibt. Antwort: Aktuell nicht, Hinweise an die zustÃ¤ndige BehÃ¶rde sind mÃ¶glich.",2025-07-24 20:21:02.245719
